{"entities":{"pages":{"Roblox-Exploits":{"id":"Roblox-Exploits","title":"Roblox Exploits","url":"roblox-exploits.html","level":0,"tabIndex":0},"fortnite-docs":{"id":"fortnite-docs","title":"Docs for Fortnite","url":"fortnite-docs.html","level":0,"pages":["season-og-chapter-4-27-11","fn-ver-season-x-40"],"tabIndex":1},"season-og-chapter-4-27-11":{"id":"season-og-chapter-4-27-11","title":"27.11 Docs","url":"season-og-chapter-4-27-11.html","level":1,"parentId":"fortnite-docs","tabIndex":0},"fn-ver-season-x-40":{"id":"fn-ver-season-x-40","title":"10.40","url":"fn-ver-season-x-40.html","level":1,"parentId":"fortnite-docs","tabIndex":1}}},"topLevelIds":["Roblox-Exploits","fortnite-docs"]}